Header,Description
TZ_CODE11,Travel Zone code based on 2011 definition
TZ_NAME11,Travel Zone name based on 2011 definition
SA2_11,Statistical Area 2 code based on ABS definition 2011
SA2_NAME11,Statistical Area 2 name based on ABS definition 2011
SA3_11,Statistical Area 3 code based on ABS definition 2011
SA3_NAME11,Statistical Area 3 name based on ABS definition 2011
SA4_11,Statistical Area 4 code based on ABS definition 2011
SA4_NAME11,Statistical Area 4 name based on ABS definition 2011
GSC District,Greater Sydney Commission District
LGA 2011 NAME,Local Government Area based on 2011 boundaries
Precinct (Oct 16),Precinct level as noted by Department of Planning & Environment in October 2016
Fem_0-4_2011,Females between 0-4yrs old in 2011
Fem_5-9_2011,Females between 5-9yrs old in 2011
Fem_10-14_2011,Females between 10-14yrs old in 2011
Fem_15-19_2011,Females between 15-19yrs old in 2011
Fem_20-24_2011,Females between 20-24yrs old in 2011
Fem_25-29_2011,Females between 25-29yrs old in 2011
Fem_30-34_2011,Females between 30-34yrs old in 2011
Fem_35-39_2011,Females between 35-39yrs old in 2011
Fem_40-44_2011,Females between 40-44yrs old in 2011
Fem_45-49_2011,Females between 45-49yrs old in 2011
Fem_50-54_2011,Females between 50-54yrs old in 2011
Fem_55-59_2011,Females between 55-59yrs old in 2011
Fem_60-64_2011,Females between 60-64yrs old in 2011
Fem_65-69_2011,Females between 65-69yrs old in 2011
Fem_70-74_2011,Females between 70-74yrs old in 2011
Fem_75-79_2011,Females between 75-79yrs old in 2011
Fem_80-84_2011,Females between 80-84yrs old in 2011
Fem_85-89_2011,Females between 85-89yrs old in 2011
Fem_90-94_2011,Females between 90-94yrs old in 2011
Fem_95-99_2011,Females between 95-99yrs old in 2011
Fem_100+_2011,Females 100+yrs old in 2011
Male_0-4_2011,Males between 0-4yrs old in 2011
Male_5-9_2011,Males between 5-9yrs old in 2011
Male_10-14_2011,Males between 10-14yrs old in 2011
Male_15-19_2011,Males between 15-19yrs old in 2011
Male_20-24_2011,Males between 20-24yrs old in 2011
Male_25-29_2011,Males between 25-29yrs old in 2011
Male_30-34_2011,Males between 30-34yrs old in 2011
Male_35-39_2011,Males between 35-39yrs old in 2011
Male_40-44_2011,Males between 40-44yrs old in 2011
Male_45-49_2011,Males between 45-49yrs old in 2011
Male_50-54_2011,Males between 50-54yrs old in 2011
Male_55-59_2011,Males between 55-59yrs old in 2011
Male_60-64_2011,Males between 60-64yrs old in 2011
Male_65-69_2011,Males between 65-69yrs old in 2011
Male_70-74_2011,Males between 70-74yrs old in 2011
Male_75-79_2011,Males between 75-79yrs old in 2011
Male_80-84_2011,Males between 80-84yrs old in 2011
Male_85-89_2011,Males between 85-89yrs old in 2011
Male_90-94_2011,Males between 90-94yrs old in 2011
Male_95-99_2011,Males between 95-99yrs old in 2011
Male_100+_2011,Males 100+yrs old in 2011
Fem_0-4_2016,Females between 0-4yrs old in 2016
Fem_5-9_2016,Females between 5-9yrs old in 2016
Fem_10-14_2016,Females between 10-14yrs old in 2016
Fem_15-19_2016,Females between 15-19yrs old in 2016
Fem_20-24_2016,Females between 20-24yrs old in 2016
Fem_25-29_2016,Females between 25-29yrs old in 2016
Fem_30-34_2016,Females between 30-34yrs old in 2016
Fem_35-39_2016,Females between 35-39yrs old in 2016
Fem_40-44_2016,Females between 40-44yrs old in 2016
Fem_45-49_2016,Females between 45-49yrs old in 2016
Fem_50-54_2016,Females between 50-54yrs old in 2016
Fem_55-59_2016,Females between 55-59yrs old in 2016
Fem_60-64_2016,Females between 60-64yrs old in 2016
Fem_65-69_2016,Females between 65-69yrs old in 2016
Fem_70-74_2016,Females between 70-74yrs old in 2016
Fem_75-79_2016,Females between 75-79yrs old in 2016
Fem_80-84_2016,Females between 80-84yrs old in 2016
Fem_85-89_2016,Females between 85-89yrs old in 2016
Fem_90-94_2016,Females between 90-94yrs old in 2016
Fem_95-99_2016,Females between 95-99yrs old in 2016
Fem_100+_2016,Females 100+yrs old in 2016
Male_0-4_2016,Males between 0-4yrs old in 2016
Male_5-9_2016,Males between 5-9yrs old in 2016
Male_10-14_2016,Males between 10-14yrs old in 2016
Male_15-19_2016,Males between 15-19yrs old in 2016
Male_20-24_2016,Males between 20-24yrs old in 2016
Male_25-29_2016,Males between 25-29yrs old in 2016
Male_30-34_2016,Males between 30-34yrs old in 2016
Male_35-39_2016,Males between 35-39yrs old in 2016
Male_40-44_2016,Males between 40-44yrs old in 2016
Male_45-49_2016,Males between 45-49yrs old in 2016
Male_50-54_2016,Males between 50-54yrs old in 2016
Male_55-59_2016,Males between 55-59yrs old in 2016
Male_60-64_2016,Males between 60-64yrs old in 2016
Male_65-69_2016,Males between 65-69yrs old in 2016
Male_70-74_2016,Males between 70-74yrs old in 2016
Male_75-79_2016,Males between 75-79yrs old in 2016
Male_80-84_2016,Males between 80-84yrs old in 2016
Male_85-89_2016,Males between 85-89yrs old in 2016
Male_90-94_2016,Males between 90-94yrs old in 2016
Male_95-99_2016,Males between 95-99yrs old in 2016
Male_100+_2016,Males 100+yrs old in 2016
Fem_0-4_2021,Females between 0-4yrs old in 2021
Fem_5-9_2021,Females between 5-9yrs old in 2021
Fem_10-14_2021,Females between 10-14yrs old in 2021
Fem_15-19_2021,Females between 15-19yrs old in 2021
Fem_20-24_2021,Females between 20-24yrs old in 2021
Fem_25-29_2021,Females between 25-29yrs old in 2021
Fem_30-34_2021,Females between 30-34yrs old in 2021
Fem_35-39_2021,Females between 35-39yrs old in 2021
Fem_40-44_2021,Females between 40-44yrs old in 2021
Fem_45-49_2021,Females between 45-49yrs old in 2021
Fem_50-54_2021,Females between 50-54yrs old in 2021
Fem_55-59_2021,Females between 55-59yrs old in 2021
Fem_60-64_2021,Females between 60-64yrs old in 2021
Fem_65-69_2021,Females between 65-69yrs old in 2021
Fem_70-74_2021,Females between 70-74yrs old in 2021
Fem_75-79_2021,Females between 75-79yrs old in 2021
Fem_80-84_2021,Females between 80-84yrs old in 2021
Fem_85-89_2021,Females between 85-89yrs old in 2021
Fem_90-94_2021,Females between 90-94yrs old in 2021
Fem_95-99_2021,Females between 95-99yrs old in 2021
Fem_100+_2021,Females 100+yrs old in 2021
Male_0-4_2021,Males between 0-4yrs old in 2021
Male_5-9_2021,Males between 5-9yrs old in 2021
Male_10-14_2021,Males between 10-14yrs old in 2021
Male_15-19_2021,Males between 15-19yrs old in 2021
Male_20-24_2021,Males between 20-24yrs old in 2021
Male_25-29_2021,Males between 25-29yrs old in 2021
Male_30-34_2021,Males between 30-34yrs old in 2021
Male_35-39_2021,Males between 35-39yrs old in 2021
Male_40-44_2021,Males between 40-44yrs old in 2021
Male_45-49_2021,Males between 45-49yrs old in 2021
Male_50-54_2021,Males between 50-54yrs old in 2021
Male_55-59_2021,Males between 55-59yrs old in 2021
Male_60-64_2021,Males between 60-64yrs old in 2021
Male_65-69_2021,Males between 65-69yrs old in 2021
Male_70-74_2021,Males between 70-74yrs old in 2021
Male_75-79_2021,Males between 75-79yrs old in 2021
Male_80-84_2021,Males between 80-84yrs old in 2021
Male_85-89_2021,Males between 85-89yrs old in 2021
Male_90-94_2021,Males between 90-94yrs old in 2021
Male_95-99_2021,Males between 95-99yrs old in 2021
Male_100+_2021,Males 100+yrs old in 2021
Fem_0-4_2026,Females between 0-4yrs old in 2026
Fem_5-9_2026,Females between 5-9yrs old in 2026
Fem_10-14_2026,Females between 10-14yrs old in 2026
Fem_15-19_2026,Females between 15-19yrs old in 2026
Fem_20-24_2026,Females between 20-24yrs old in 2026
Fem_25-29_2026,Females between 25-29yrs old in 2026
Fem_30-34_2026,Females between 30-34yrs old in 2026
Fem_35-39_2026,Females between 35-39yrs old in 2026
Fem_40-44_2026,Females between 40-44yrs old in 2026
Fem_45-49_2026,Females between 45-49yrs old in 2026
Fem_50-54_2026,Females between 50-54yrs old in 2026
Fem_55-59_2026,Females between 55-59yrs old in 2026
Fem_60-64_2026,Females between 60-64yrs old in 2026
Fem_65-69_2026,Females between 65-69yrs old in 2026
Fem_70-74_2026,Females between 70-74yrs old in 2026
Fem_75-79_2026,Females between 75-79yrs old in 2026
Fem_80-84_2026,Females between 80-84yrs old in 2026
Fem_85-89_2026,Females between 85-89yrs old in 2026
Fem_90-94_2026,Females between 90-94yrs old in 2026
Fem_95-99_2026,Females between 95-99yrs old in 2026
Fem_100+_2026,Females 100+yrs old in 2026
Male_0-4_2026,Males between 0-4yrs old in 2026
Male_5-9_2026,Males between 5-9yrs old in 2026
Male_10-14_2026,Males between 10-14yrs old in 2026
Male_15-19_2026,Males between 15-19yrs old in 2026
Male_20-24_2026,Males between 20-24yrs old in 2026
Male_25-29_2026,Males between 25-29yrs old in 2026
Male_30-34_2026,Males between 30-34yrs old in 2026
Male_35-39_2026,Males between 35-39yrs old in 2026
Male_40-44_2026,Males between 40-44yrs old in 2026
Male_45-49_2026,Males between 45-49yrs old in 2026
Male_50-54_2026,Males between 50-54yrs old in 2026
Male_55-59_2026,Males between 55-59yrs old in 2026
Male_60-64_2026,Males between 60-64yrs old in 2026
Male_65-69_2026,Males between 65-69yrs old in 2026
Male_70-74_2026,Males between 70-74yrs old in 2026
Male_75-79_2026,Males between 75-79yrs old in 2026
Male_80-84_2026,Males between 80-84yrs old in 2026
Male_85-89_2026,Males between 85-89yrs old in 2026
Male_90-94_2026,Males between 90-94yrs old in 2026
Male_95-99_2026,Males between 95-99yrs old in 2026
Male_100+_2026,Males 100+yrs old in 2026
Fem_0-4_2031,Females between 0-4yrs old in 2031
Fem_5-9_2031,Females between 5-9yrs old in 2031
Fem_10-14_2031,Females between 10-14yrs old in 2031
Fem_15-19_2031,Females between 15-19yrs old in 2031
Fem_20-24_2031,Females between 20-24yrs old in 2031
Fem_25-29_2031,Females between 25-29yrs old in 2031
Fem_30-34_2031,Females between 30-34yrs old in 2031
Fem_35-39_2031,Females between 35-39yrs old in 2031
Fem_40-44_2031,Females between 40-44yrs old in 2031
Fem_45-49_2031,Females between 45-49yrs old in 2031
Fem_50-54_2031,Females between 50-54yrs old in 2031
Fem_55-59_2031,Females between 55-59yrs old in 2031
Fem_60-64_2031,Females between 60-64yrs old in 2031
Fem_65-69_2031,Females between 65-69yrs old in 2031
Fem_70-74_2031,Females between 70-74yrs old in 2031
Fem_75-79_2031,Females between 75-79yrs old in 2031
Fem_80-84_2031,Females between 80-84yrs old in 2031
Fem_85-89_2031,Females between 85-89yrs old in 2031
Fem_90-94_2031,Females between 90-94yrs old in 2031
Fem_95-99_2031,Females between 95-99yrs old in 2031
Fem_100+_2031,Females 100+yrs old in 2031
Male_0-4_2031,Males between 0-4yrs old in 2031
Male_5-9_2031,Males between 5-9yrs old in 2031
Male_10-14_2031,Males between 10-14yrs old in 2031
Male_15-19_2031,Males between 15-19yrs old in 2031
Male_20-24_2031,Males between 20-24yrs old in 2031
Male_25-29_2031,Males between 25-29yrs old in 2031
Male_30-34_2031,Males between 30-34yrs old in 2031
Male_35-39_2031,Males between 35-39yrs old in 2031
Male_40-44_2031,Males between 40-44yrs old in 2031
Male_45-49_2031,Males between 45-49yrs old in 2031
Male_50-54_2031,Males between 50-54yrs old in 2031
Male_55-59_2031,Males between 55-59yrs old in 2031
Male_60-64_2031,Males between 60-64yrs old in 2031
Male_65-69_2031,Males between 65-69yrs old in 2031
Male_70-74_2031,Males between 70-74yrs old in 2031
Male_75-79_2031,Males between 75-79yrs old in 2031
Male_80-84_2031,Males between 80-84yrs old in 2031
Male_85-89_2031,Males between 85-89yrs old in 2031
Male_90-94_2031,Males between 90-94yrs old in 2031
Male_95-99_2031,Males between 95-99yrs old in 2031
Male_100+_2031,Males 100+yrs old in 2031
Fem_0-4_2036,Females between 0-4yrs old in 2036
Fem_5-9_2036,Females between 5-9yrs old in 2036
Fem_10-14_2036,Females between 10-14yrs old in 2036
Fem_15-19_2036,Females between 15-19yrs old in 2036
Fem_20-24_2036,Females between 20-24yrs old in 2036
Fem_25-29_2036,Females between 25-29yrs old in 2036
Fem_30-34_2036,Females between 30-34yrs old in 2036
Fem_35-39_2036,Females between 35-39yrs old in 2036
Fem_40-44_2036,Females between 40-44yrs old in 2036
Fem_45-49_2036,Females between 45-49yrs old in 2036
Fem_50-54_2036,Females between 50-54yrs old in 2036
Fem_55-59_2036,Females between 55-59yrs old in 2036
Fem_60-64_2036,Females between 60-64yrs old in 2036
Fem_65-69_2036,Females between 65-69yrs old in 2036
Fem_70-74_2036,Females between 70-74yrs old in 2036
Fem_75-79_2036,Females between 75-79yrs old in 2036
Fem_80-84_2036,Females between 80-84yrs old in 2036
Fem_85-89_2036,Females between 85-89yrs old in 2036
Fem_90-94_2036,Females between 90-94yrs old in 2036
Fem_95-99_2036,Females between 95-99yrs old in 2036
Fem_100+_2036,Females 100+yrs old in 2036
Male_0-4_2036,Males between 0-4yrs old in 2036
Male_5-9_2036,Males between 5-9yrs old in 2036
Male_10-14_2036,Males between 10-14yrs old in 2036
Male_15-19_2036,Males between 15-19yrs old in 2036
Male_20-24_2036,Males between 20-24yrs old in 2036
Male_25-29_2036,Males between 25-29yrs old in 2036
Male_30-34_2036,Males between 30-34yrs old in 2036
Male_35-39_2036,Males between 35-39yrs old in 2036
Male_40-44_2036,Males between 40-44yrs old in 2036
Male_45-49_2036,Males between 45-49yrs old in 2036
Male_50-54_2036,Males between 50-54yrs old in 2036
Male_55-59_2036,Males between 55-59yrs old in 2036
Male_60-64_2036,Males between 60-64yrs old in 2036
Male_65-69_2036,Males between 65-69yrs old in 2036
Male_70-74_2036,Males between 70-74yrs old in 2036
Male_75-79_2036,Males between 75-79yrs old in 2036
Male_80-84_2036,Males between 80-84yrs old in 2036
Male_85-89_2036,Males between 85-89yrs old in 2036
Male_90-94_2036,Males between 90-94yrs old in 2036
Male_95-99_2036,Males between 95-99yrs old in 2036
Male_100+_2036,Males 100+yrs old in 2036
Fem_0-4_2041,Females between 0-4yrs old in 2041
Fem_5-9_2041,Females between 5-9yrs old in 2041
Fem_10-14_2041,Females between 10-14yrs old in 2041
Fem_15-19_2041,Females between 15-19yrs old in 2041
Fem_20-24_2041,Females between 20-24yrs old in 2041
Fem_25-29_2041,Females between 25-29yrs old in 2041
Fem_30-34_2041,Females between 30-34yrs old in 2041
Fem_35-39_2041,Females between 35-39yrs old in 2041
Fem_40-44_2041,Females between 40-44yrs old in 2041
Fem_45-49_2041,Females between 45-49yrs old in 2041
Fem_50-54_2041,Females between 50-54yrs old in 2041
Fem_55-59_2041,Females between 55-59yrs old in 2041
Fem_60-64_2041,Females between 60-64yrs old in 2041
Fem_65-69_2041,Females between 65-69yrs old in 2041
Fem_70-74_2041,Females between 70-74yrs old in 2041
Fem_75-79_2041,Females between 75-79yrs old in 2041
Fem_80-84_2041,Females between 80-84yrs old in 2041
Fem_85-89_2041,Females between 85-89yrs old in 2041
Fem_90-94_2041,Females between 90-94yrs old in 2041
Fem_95-99_2041,Females between 95-99yrs old in 2041
Fem_100+_2041,Females 100+yrs old in 2041
Male_0-4_2041,Males between 0-4yrs old in 2041
Male_5-9_2041,Males between 5-9yrs old in 2041
Male_10-14_2041,Males between 10-14yrs old in 2041
Male_15-19_2041,Males between 15-19yrs old in 2041
Male_20-24_2041,Males between 20-24yrs old in 2041
Male_25-29_2041,Males between 25-29yrs old in 2041
Male_30-34_2041,Males between 30-34yrs old in 2041
Male_35-39_2041,Males between 35-39yrs old in 2041
Male_40-44_2041,Males between 40-44yrs old in 2041
Male_45-49_2041,Males between 45-49yrs old in 2041
Male_50-54_2041,Males between 50-54yrs old in 2041
Male_55-59_2041,Males between 55-59yrs old in 2041
Male_60-64_2041,Males between 60-64yrs old in 2041
Male_65-69_2041,Males between 65-69yrs old in 2041
Male_70-74_2041,Males between 70-74yrs old in 2041
Male_75-79_2041,Males between 75-79yrs old in 2041
Male_80-84_2041,Males between 80-84yrs old in 2041
Male_85-89_2041,Males between 85-89yrs old in 2041
Male_90-94_2041,Males between 90-94yrs old in 2041
Male_95-99_2041,Males between 95-99yrs old in 2041
Male_100+_2041,Males 100+yrs old in 2041
Fem_0-4_2046,Females between 0-4yrs old in 2046
Fem_5-9_2046,Females between 5-9yrs old in 2046
Fem_10-14_2046,Females between 10-14yrs old in 2046
Fem_15-19_2046,Females between 15-19yrs old in 2046
Fem_20-24_2046,Females between 20-24yrs old in 2046
Fem_25-29_2046,Females between 25-29yrs old in 2046
Fem_30-34_2046,Females between 30-34yrs old in 2046
Fem_35-39_2046,Females between 35-39yrs old in 2046
Fem_40-44_2046,Females between 40-44yrs old in 2046
Fem_45-49_2046,Females between 45-49yrs old in 2046
Fem_50-54_2046,Females between 50-54yrs old in 2046
Fem_55-59_2046,Females between 55-59yrs old in 2046
Fem_60-64_2046,Females between 60-64yrs old in 2046
Fem_65-69_2046,Females between 65-69yrs old in 2046
Fem_70-74_2046,Females between 70-74yrs old in 2046
Fem_75-79_2046,Females between 75-79yrs old in 2046
Fem_80-84_2046,Females between 80-84yrs old in 2046
Fem_85-89_2046,Females between 85-89yrs old in 2046
Fem_90-94_2046,Females between 90-94yrs old in 2046
Fem_95-99_2046,Females between 95-99yrs old in 2046
Fem_100+_2046,Females 100+yrs old in 2046
Male_0-4_2046,Males between 0-4yrs old in 2046
Male_5-9_2046,Males between 5-9yrs old in 2046
Male_10-14_2046,Males between 10-14yrs old in 2046
Male_15-19_2046,Males between 15-19yrs old in 2046
Male_20-24_2046,Males between 20-24yrs old in 2046
Male_25-29_2046,Males between 25-29yrs old in 2046
Male_30-34_2046,Males between 30-34yrs old in 2046
Male_35-39_2046,Males between 35-39yrs old in 2046
Male_40-44_2046,Males between 40-44yrs old in 2046
Male_45-49_2046,Males between 45-49yrs old in 2046
Male_50-54_2046,Males between 50-54yrs old in 2046
Male_55-59_2046,Males between 55-59yrs old in 2046
Male_60-64_2046,Males between 60-64yrs old in 2046
Male_65-69_2046,Males between 65-69yrs old in 2046
Male_70-74_2046,Males between 70-74yrs old in 2046
Male_75-79_2046,Males between 75-79yrs old in 2046
Male_80-84_2046,Males between 80-84yrs old in 2046
Male_85-89_2046,Males between 85-89yrs old in 2046
Male_90-94_2046,Males between 90-94yrs old in 2046
Male_95-99_2046,Males between 95-99yrs old in 2046
Male_100+_2046,Males 100+yrs old in 2046
Fem_0-4_2051,Females between 0-4yrs old in 2051
Fem_5-9_2051,Females between 5-9yrs old in 2051
Fem_10-14_2051,Females between 10-14yrs old in 2051
Fem_15-19_2051,Females between 15-19yrs old in 2051
Fem_20-24_2051,Females between 20-24yrs old in 2051
Fem_25-29_2051,Females between 25-29yrs old in 2051
Fem_30-34_2051,Females between 30-34yrs old in 2051
Fem_35-39_2051,Females between 35-39yrs old in 2051
Fem_40-44_2051,Females between 40-44yrs old in 2051
Fem_45-49_2051,Females between 45-49yrs old in 2051
Fem_50-54_2051,Females between 50-54yrs old in 2051
Fem_55-59_2051,Females between 55-59yrs old in 2051
Fem_60-64_2051,Females between 60-64yrs old in 2051
Fem_65-69_2051,Females between 65-69yrs old in 2051
Fem_70-74_2051,Females between 70-74yrs old in 2051
Fem_75-79_2051,Females between 75-79yrs old in 2051
Fem_80-84_2051,Females between 80-84yrs old in 2051
Fem_85-89_2051,Females between 85-89yrs old in 2051
Fem_90-94_2051,Females between 90-94yrs old in 2051
Fem_95-99_2051,Females between 95-99yrs old in 2051
Fem_100+_2051,Females 100+yrs old in 2051
Male_0-4_2051,Males between 0-4yrs old in 2051
Male_5-9_2051,Males between 5-9yrs old in 2051
Male_10-14_2051,Males between 10-14yrs old in 2051
Male_15-19_2051,Males between 15-19yrs old in 2051
Male_20-24_2051,Males between 20-24yrs old in 2051
Male_25-29_2051,Males between 25-29yrs old in 2051
Male_30-34_2051,Males between 30-34yrs old in 2051
Male_35-39_2051,Males between 35-39yrs old in 2051
Male_40-44_2051,Males between 40-44yrs old in 2051
Male_45-49_2051,Males between 45-49yrs old in 2051
Male_50-54_2051,Males between 50-54yrs old in 2051
Male_55-59_2051,Males between 55-59yrs old in 2051
Male_60-64_2051,Males between 60-64yrs old in 2051
Male_65-69_2051,Males between 65-69yrs old in 2051
Male_70-74_2051,Males between 70-74yrs old in 2051
Male_75-79_2051,Males between 75-79yrs old in 2051
Male_80-84_2051,Males between 80-84yrs old in 2051
Male_85-89_2051,Males between 85-89yrs old in 2051
Male_90-94_2051,Males between 90-94yrs old in 2051
Male_95-99_2051,Males between 95-99yrs old in 2051
Male_100+_2051,Males 100+yrs old in 2051
Fem_0-4_2056,Females between 0-4yrs old in 2056
Fem_5-9_2056,Females between 5-9yrs old in 2056
Fem_10-14_2056,Females between 10-14yrs old in 2056
Fem_15-19_2056,Females between 15-19yrs old in 2056
Fem_20-24_2056,Females between 20-24yrs old in 2056
Fem_25-29_2056,Females between 25-29yrs old in 2056
Fem_30-34_2056,Females between 30-34yrs old in 2056
Fem_35-39_2056,Females between 35-39yrs old in 2056
Fem_40-44_2056,Females between 40-44yrs old in 2056
Fem_45-49_2056,Females between 45-49yrs old in 2056
Fem_50-54_2056,Females between 50-54yrs old in 2056
Fem_55-59_2056,Females between 55-59yrs old in 2056
Fem_60-64_2056,Females between 60-64yrs old in 2056
Fem_65-69_2056,Females between 65-69yrs old in 2056
Fem_70-74_2056,Females between 70-74yrs old in 2056
Fem_75-79_2056,Females between 75-79yrs old in 2056
Fem_80-84_2056,Females between 80-84yrs old in 2056
Fem_85-89_2056,Females between 85-89yrs old in 2056
Fem_90-94_2056,Females between 90-94yrs old in 2056
Fem_95-99_2056,Females between 95-99yrs old in 2056
Fem_100+_2056,Females 100+yrs old in 2056
Male_0-4_2056,Males between 0-4yrs old in 2056
Male_5-9_2056,Males between 5-9yrs old in 2056
Male_10-14_2056,Males between 10-14yrs old in 2056
Male_15-19_2056,Males between 15-19yrs old in 2056
Male_20-24_2056,Males between 20-24yrs old in 2056
Male_25-29_2056,Males between 25-29yrs old in 2056
Male_30-34_2056,Males between 30-34yrs old in 2056
Male_35-39_2056,Males between 35-39yrs old in 2056
Male_40-44_2056,Males between 40-44yrs old in 2056
Male_45-49_2056,Males between 45-49yrs old in 2056
Male_50-54_2056,Males between 50-54yrs old in 2056
Male_55-59_2056,Males between 55-59yrs old in 2056
Male_60-64_2056,Males between 60-64yrs old in 2056
Male_65-69_2056,Males between 65-69yrs old in 2056
Male_70-74_2056,Males between 70-74yrs old in 2056
Male_75-79_2056,Males between 75-79yrs old in 2056
Male_80-84_2056,Males between 80-84yrs old in 2056
Male_85-89_2056,Males between 85-89yrs old in 2056
Male_90-94_2056,Males between 90-94yrs old in 2056
Male_95-99_2056,Males between 95-99yrs old in 2056
Male_100+_2056,Males 100+yrs old in 2056
ERP_2011,Estimated Resident Population in 2011
ERP_2016,Estimated Resident Population in 2016
ERP_2021,Estimated Resident Population in 2021
ERP_2026,Estimated Resident Population in 2026
ERP_2031,Estimated Resident Population in 2031
ERP_2036,Estimated Resident Population in 2036
ERP_2041,Estimated Resident Population in 2041
ERP_2046,Estimated Resident Population in 2046
ERP_2051,Estimated Resident Population in 2051
ERP_2056,Estimated Resident Population in 2056
POPD_2011,Population in occupied private dwellings in 2011
POPD_2016,Population in occupied private dwellings in 2016
POPD_2021,Population in occupied private dwellings in 2021
POPD_2026,Population in occupied private dwellings in 2026
POPD_2031,Population in occupied private dwellings in 2031
POPD_2036,Population in occupied private dwellings in 2036
POPD_2041,Population in occupied private dwellings in 2041
POPD_2046,Population in occupied private dwellings in 2046
POPD_2051,Population in occupied private dwellings in 2051
POPD_2056,Population in occupied private dwellings in 2056
PNPD_2011,Population in non private dwellings in 2011
PNPD_2016,Population in non private dwellings in 2016
PNPD_2021,Population in non private dwellings in 2021
PNPD_2026,Population in non private dwellings in 2026
PNPD_2031,Population in non private dwellings in 2031
PNPD_2036,Population in non private dwellings in 2036
PNPD_2041,Population in non private dwellings in 2041
PNPD_2046,Population in non private dwellings in 2046
PNPD_2051,Population in non private dwellings in 2051
PNPD_2056,Population in non private dwellings in 2056
OPD_2011,Occupied private dwellings in 2011
OPD_2016,Occupied private dwellings in 2016
OPD_2021,Occupied private dwellings in 2021
OPD_2026,Occupied private dwellings in 2026
OPD_2031,Occupied private dwellings in 2031
OPD_2036,Occupied private dwellings in 2036
OPD_2041,Occupied private dwellings in 2041
OPD_2046,Occupied private dwellings in 2046
OPD_2051,Occupied private dwellings in 2051
OPD_2056,Occupied private dwellings in 2056
<?xml version="1.0" encoding="utf-8"?>
<result>DownloadedTZP2016 Population data dictionary.csv</result>
